name,value,year,lastValue,rank
Ben,4528,2000,4528,32
Ben,4388.2,2000.1,4528,33
Ben,4248.4,2000.2,4388.2,33
Ben,4108.6,2000.3,4248.4,34
Ben,3968.8,2000.4,4108.6,34
Ben,3829,2000.5,3968.8,34
Ben,3689.2,2000.6,3829,35
Ben,3549.4,2000.7,3689.2,36
Ben,3409.6,2000.8,3549.4,36
Ben,3269.8,2000.9,3409.6,36
Ben,3130,2001,3269.8,43
Ben,3134.5,2001.1,3130,43
Ben,3139,2001.2,3134.5,43
Ben,3143.5,2001.3,3139,43
Ben,3148,2001.4,3143.5,43
Ben,3152.5,2001.5,3148,43
Ben,3157,2001.6,3152.5,43
Ben,3161.5,2001.7,3157,43
Ben,3166,2001.8,3161.5,43
Ben,3170.5,2001.9,3166,43
Ben,3175,2002,3170.5,49
Ben,3197.8,2002.1,3175,49
Ben,3220.6,2002.2,3197.8,49
Ben,3243.4,2002.3,3220.6,49
Ben,3266.2,2002.4,3243.4,49
Ben,3289,2002.5,3266.2,49
Ben,3311.8,2002.6,3289,48
Ben,3334.6,2002.7,3311.8,48
Ben,3357.4,2002.8,3334.6,48
Ben,3380.2,2002.9,3357.4,48
Ben,3403,2003,3380.2,50
Ben,3478.3,2003.1,3403,49
Ben,3553.6,2003.2,3478.3,49
Ben,3628.9,2003.3,3553.6,48
Ben,3704.2,2003.4,3628.9,47
Ben,3779.5,2003.5,3704.2,47
Ben,3854.8,2003.6,3779.5,47
Ben,3930.1,2003.7,3854.8,47
Ben,4005.4,2003.8,3930.1,47
Ben,4080.7,2003.9,4005.4,47
Ben,4156,2004,4080.7,49
Ben,4165.2,2004.1,4156,49
Ben,4174.4,2004.2,4165.2,49
Ben,4183.6,2004.3,4174.4,49
Ben,4192.8,2004.4,4183.6,49
Ben,4202,2004.5,4192.8,49
Ben,4211.2,2004.6,4202,49
Ben,4220.4,2004.7,4211.2,49
Ben,4229.6,2004.8,4220.4,49
Ben,4238.8,2004.9,4229.6,49
Ben,4248,2005,4238.8,51
Ben,4293.9,2005.1,4248,51
Ben,4339.8,2005.2,4293.9,51
Ben,4385.7,2005.3,4339.8,51
Ben,4431.6,2005.4,4385.7,51
Ben,4477.5,2005.5,4431.6,51
Ben,4523.4,2005.6,4477.5,51
Ben,4569.3,2005.7,4523.4,51
Ben,4615.2,2005.8,4569.3,50
Ben,4661.1,2005.9,4615.2,50
Ben,4707,2006,4661.1,50
Ben,4777.4,2006.1,4707,50
Ben,4847.8,2006.2,4777.4,50
Ben,4918.2,2006.3,4847.8,50
Ben,4988.6,2006.4,4918.2,50
Ben,5059,2006.5,4988.6,50
Ben,5129.4,2006.6,5059,50
Ben,5199.8,2006.7,5129.4,49
Ben,5270.2,2006.8,5199.8,49
Ben,5340.6,2006.9,5270.2,49
Ben,5411,2007,5340.6,50
Ben,5513.3,2007.1,5411,50
Ben,5615.6,2007.2,5513.3,50
Ben,5717.9,2007.3,5615.6,49
Ben,5820.2,2007.4,5717.9,49
Ben,5922.5,2007.5,5820.2,49
Ben,6024.8,2007.6,5922.5,49
Ben,6127.1,2007.7,6024.8,49
Ben,6229.4,2007.8,6127.1,49
Ben,6331.7,2007.9,6229.4,48
Ben,6434,2008,6331.7,49
Ben,6576.4,2008.1,6434,48
Ben,6718.8,2008.2,6576.4,48
Ben,6861.2,2008.3,6718.8,46
Ben,7003.6,2008.4,6861.2,45
Ben,7146,2008.5,7003.6,45
Ben,7288.4,2008.6,7146,45
Ben,7430.8,2008.7,7288.4,43
Ben,7573.2,2008.8,7430.8,41
Ben,7715.6,2008.9,7573.2,41
Ben,7858,2009,7715.6,39
Ben,8038.7,2009.1,7858,39
Ben,8219.4,2009.2,8038.7,38
Ben,8400.1,2009.3,8219.4,37
Ben,8580.8,2009.4,8400.1,37
Ben,8761.5,2009.5,8580.8,37
Ben,8942.2,2009.6,8761.5,37
Ben,9122.9,2009.7,8942.2,36
Ben,9303.6,2009.8,9122.9,35
Ben,9484.3,2009.9,9303.6,34
Ben,9665,2010,9484.3,34
Ben,9974.3,2010.1,9665,34
Ben,10283.6,2010.2,9974.3,34
Ben,10592.9,2010.3,10283.6,34
Ben,10902.2,2010.4,10592.9,33
Ben,11211.5,2010.5,10902.2,32
Ben,11520.8,2010.6,11211.5,32
Ben,11830.1,2010.7,11520.8,30
Ben,12139.4,2010.8,11830.1,29
Ben,12448.7,2010.9,12139.4,26
Ben,12758,2011,12448.7,25
Ben,13344.7,2011.1,12758,25
Ben,13931.4,2011.2,13344.7,25
Ben,14518.1,2011.3,13931.4,25
Ben,15104.8,2011.4,14518.1,22
Ben,15691.5,2011.5,15104.8,21
Ben,16278.2,2011.6,15691.5,21
Ben,16864.9,2011.7,16278.2,20
Ben,17451.6,2011.8,16864.9,20
Ben,18038.3,2011.9,17451.6,19
Ben,18625,2012,18038.3,19
Ben,19124.5,2012.1,18625,19
Ben,19624,2012.2,19124.5,19
Ben,20123.5,2012.3,19624,19
Ben,20623,2012.4,20123.5,19
Ben,21122.5,2012.5,20623,19
Ben,21622,2012.6,21122.5,19
Ben,22121.5,2012.7,21622,19
Ben,22621,2012.8,22121.5,19
Ben,23120.5,2012.9,22621,19
Ben,23620,2013,23120.5,19
Ben,24205.8,2013.1,23620,19
Ben,24791.6,2013.2,24205.8,16
Ben,25377.4,2013.3,24791.6,15
Ben,25963.2,2013.4,25377.4,15
Ben,26549,2013.5,25963.2,15
Ben,27134.8,2013.6,26549,15
Ben,27720.6,2013.7,27134.8,15
Ben,28306.4,2013.8,27720.6,15
Ben,28892.2,2013.9,28306.4,15
Ben,29478,2014,28892.2,15
Ben,30325,2014.1,29478,15
Ben,31172,2014.2,30325,14
Ben,32019,2014.3,31172,14
Ben,32866,2014.4,32019,14
Ben,33713,2014.5,32866,14
Ben,34560,2014.6,33713,14
Ben,35407,2014.7,34560,12
Ben,36254,2014.8,35407,11
Ben,37101,2014.9,36254,10
Ben,37948,2015,37101,10
Ben,39187,2015.1,37948,10
Ben,40426,2015.2,39187,9
Ben,41665,2015.3,40426,9
Ben,42904,2015.4,41665,8
Ben,44143,2015.5,42904,8
Ben,45382,2015.6,44143,8
Ben,46621,2015.7,45382,8
Ben,47860,2015.8,46621,8
Ben,49099,2015.9,47860,8
Ben,50338,2016,49099,8
Ben,51783.8,2016.1,50338,8
Ben,53229.6,2016.2,51783.8,5
Ben,54675.4,2016.3,53229.6,5
Ben,56121.2,2016.4,54675.4,5
Ben,57567,2016.5,56121.2,5
Ben,59012.8,2016.6,57567,5
Ben,60458.6,2016.7,59012.8,5
Ben,61904.4,2016.8,60458.6,5
Ben,63350.2,2016.9,61904.4,5
Ben,64796,2017,63350.2,5
Ben,68392.8,2017.1,64796,5
Ben,71989.6,2017.2,68392.8,4
Ben,75586.4,2017.3,71989.6,4
Ben,79183.2,2017.4,75586.4,4
Ben,82780,2017.5,79183.2,4
Ben,86376.8,2017.6,82780,4
Ben,89973.6,2017.7,86376.8,3
Ben,93570.4,2017.8,89973.6,3
Ben,97167.2,2017.9,93570.4,3
Ben,100764,2018,97167.2,3
Luke,6594,2000,6594,26
Luke,6481,2000.1,6594,26
Luke,6368,2000.2,6481,26
Luke,6255,2000.3,6368,26
Luke,6142,2000.4,6255,27
Luke,6029,2000.5,6142,27
Luke,5916,2000.6,6029,28
Luke,5803,2000.7,5916,29
Luke,5690,2000.8,5803,29
Luke,5577,2000.9,5690,29
Luke,5464,2001,5577,34
Luke,5449.2,2001.1,5464,34
Luke,5434.4,2001.2,5449.2,34
Luke,5419.6,2001.3,5434.4,34
Luke,5404.8,2001.4,5419.6,34
Luke,5390,2001.5,5404.8,34
Luke,5375.2,2001.6,5390,34
Luke,5360.4,2001.7,5375.2,34
Luke,5345.6,2001.8,5360.4,34
Luke,5330.8,2001.9,5345.6,35
Luke,5316,2002,5330.8,37
Luke,5339.8,2002.1,5316,37
Luke,5363.6,2002.2,5339.8,37
Luke,5387.4,2002.3,5363.6,37
Luke,5411.2,2002.4,5387.4,37
Luke,5435,2002.5,5411.2,37
Luke,5458.8,2002.6,5435,37
Luke,5482.6,2002.7,5458.8,37
Luke,5506.4,2002.8,5482.6,37
Luke,5530.2,2002.9,5506.4,38
Luke,5554,2003,5530.2,39
Luke,5685.7,2003.1,5554,37
Luke,5817.4,2003.2,5685.7,37
Luke,5949.1,2003.3,5817.4,37
Luke,6080.8,2003.4,5949.1,37
Luke,6212.5,2003.5,6080.8,37
Luke,6344.2,2003.6,6212.5,37
Luke,6475.9,2003.7,6344.2,37
Luke,6607.6,2003.8,6475.9,36
Luke,6739.3,2003.9,6607.6,34
Luke,6871,2004,6739.3,35
Luke,6982.4,2004.1,6871,36
Luke,7093.8,2004.2,6982.4,36
Luke,7205.2,2004.3,7093.8,35
Luke,7316.6,2004.4,7205.2,35
Luke,7428,2004.5,7316.6,35
Luke,7539.4,2004.6,7428,34
Luke,7650.8,2004.7,7539.4,33
Luke,7762.2,2004.8,7650.8,33
Luke,7873.6,2004.9,7762.2,33
Luke,7985,2005,7873.6,35
Luke,8099.5,2005.1,7985,35
Luke,8214,2005.2,8099.5,35
Luke,8328.5,2005.3,8214,35
Luke,8443,2005.4,8328.5,35
Luke,8557.5,2005.5,8443,34
Luke,8672,2005.6,8557.5,34
Luke,8786.5,2005.7,8672,34
Luke,8901,2005.8,8786.5,34
Luke,9015.5,2005.9,8901,34
Luke,9130,2006,9015.5,34
Luke,9320.7,2006.1,9130,34
Luke,9511.4,2006.2,9320.7,34
Luke,9702.1,2006.3,9511.4,34
Luke,9892.8,2006.4,9702.1,34
Luke,10083.5,2006.5,9892.8,32
Luke,10274.2,2006.6,10083.5,31
Luke,10464.9,2006.7,10274.2,30
Luke,10655.6,2006.8,10464.9,30
Luke,10846.3,2006.9,10655.6,29
Luke,11037,2007,10846.3,29
Luke,11305.7,2007.1,11037,29
Luke,11574.4,2007.2,11305.7,28
Luke,11843.1,2007.3,11574.4,27
Luke,12111.8,2007.4,11843.1,27
Luke,12380.5,2007.5,12111.8,25
Luke,12649.2,2007.6,12380.5,25
Luke,12917.9,2007.7,12649.2,25
Luke,13186.6,2007.8,12917.9,23
Luke,13455.3,2007.9,13186.6,22
Luke,13724,2008,13455.3,22
Luke,13894.9,2008.1,13724,21
Luke,14065.8,2008.2,13894.9,21
Luke,14236.7,2008.3,14065.8,21
Luke,14407.6,2008.4,14236.7,21
Luke,14578.5,2008.5,14407.6,21
Luke,14749.4,2008.6,14578.5,20
Luke,14920.3,2008.7,14749.4,19
Luke,15091.2,2008.8,14920.3,19
Luke,15262.1,2008.9,15091.2,19
Luke,15433,2009,15262.1,18
Luke,16004,2009.1,15433,18
Luke,16575,2009.2,16004,18
Luke,17146,2009.3,16575,18
Luke,17717,2009.4,17146,18
Luke,18288,2009.5,17717,17
Luke,18859,2009.6,18288,16
Luke,19430,2009.7,18859,16
Luke,20001,2009.8,19430,16
Luke,20572,2009.9,20001,16
Luke,21143,2010,20572,16
Luke,22377.9,2010.1,21143,15
Luke,23612.8,2010.2,22377.9,13
Luke,24847.7,2010.3,23612.8,12
Luke,26082.6,2010.4,24847.7,12
Luke,27317.5,2010.5,26082.6,10
Luke,28552.4,2010.6,27317.5,9
Luke,29787.3,2010.7,28552.4,8
Luke,31022.2,2010.8,29787.3,8
Luke,32257.1,2010.9,31022.2,8
Luke,33492,2011,32257.1,8
Luke,37799.6,2011.1,33492,6
Luke,42107.2,2011.2,37799.6,6
Luke,46414.8,2011.3,42107.2,5
Luke,50722.4,2011.4,46414.8,5
Luke,55030,2011.5,50722.4,5
Luke,59337.6,2011.6,55030,4
Luke,63645.2,2011.7,59337.6,4
Luke,67952.8,2011.8,63645.2,3
Luke,72260.4,2011.9,67952.8,3
Luke,76568,2012,72260.4,2
Luke,78742.8,2012.1,76568,1
Luke,80917.6,2012.2,78742.8,1
Luke,83092.4,2012.3,80917.6,1
Luke,85267.2,2012.4,83092.4,1
Luke,87442,2012.5,85267.2,1
Luke,89616.8,2012.6,87442,1
Luke,91791.6,2012.7,89616.8,1
Luke,93966.4,2012.8,91791.6,1
Luke,96141.2,2012.9,93966.4,1
Luke,98316,2013,96141.2,1
Luke,100370.7,2013.1,98316,1
Luke,102425.4,2013.2,100370.7,1
Luke,104480.1,2013.3,102425.4,1
Luke,106534.8,2013.4,104480.1,1
Luke,108589.5,2013.5,106534.8,1
Luke,110644.2,2013.6,108589.5,1
Luke,112698.9,2013.7,110644.2,1
Luke,114753.6,2013.8,112698.9,1
Luke,116808.3,2013.9,114753.6,1
Luke,118863,2014,116808.3,1
Luke,124004.3,2014.1,118863,1
Luke,129145.6,2014.2,124004.3,1
Luke,134286.9,2014.3,129145.6,1
Luke,139428.2,2014.4,134286.9,1
Luke,144569.5,2014.5,139428.2,1
Luke,149710.8,2014.6,144569.5,1
Luke,154852.1,2014.7,149710.8,1
Luke,159993.4,2014.8,154852.1,1
Luke,165134.7,2014.9,159993.4,1
Luke,170276,2015,165134.7,1
Luke,171060.3,2015.1,170276,1
Luke,171844.6,2015.2,171060.3,1
Luke,172628.9,2015.3,171844.6,1
Luke,173413.2,2015.4,172628.9,1
Luke,174197.5,2015.5,173413.2,1
Luke,174981.8,2015.6,174197.5,1
Luke,175766.1,2015.7,174981.8,1
Luke,176550.4,2015.8,175766.1,1
Luke,177334.7,2015.9,176550.4,1
Luke,178119,2016,177334.7,1
Luke,178722.5,2016.1,178119,1
Luke,179326,2016.2,178722.5,1
Luke,179929.5,2016.3,179326,1
Luke,180533,2016.4,179929.5,1
Luke,181136.5,2016.5,180533,1
Luke,181740,2016.6,181136.5,1
Luke,182343.5,2016.7,181740,1
Luke,182947,2016.8,182343.5,1
Luke,183550.5,2016.9,182947,1
Luke,184154,2017,183550.5,1
Luke,187186.6,2017.1,184154,1
Luke,190219.2,2017.2,187186.6,1
Luke,193251.8,2017.3,190219.2,1
Luke,196284.4,2017.4,193251.8,1
Luke,199317,2017.5,196284.4,1
Luke,202349.6,2017.6,199317,1
Luke,205382.2,2017.7,202349.6,1
Luke,208414.8,2017.8,205382.2,1
Luke,211447.4,2017.9,208414.8,1
Luke,214480,2018,211447.4,1
Elinor,72537,2000,72537,1
Elinor,72177.8,2000.1,72537,1
Elinor,71818.6,2000.2,72177.8,1
Elinor,71459.4,2000.3,71818.6,1
Elinor,71100.2,2000.4,71459.4,1
Elinor,70741,2000.5,71100.2,1
Elinor,70381.8,2000.6,70741,1
Elinor,70022.6,2000.7,70381.8,1
Elinor,69663.4,2000.8,70022.6,1
Elinor,69304.2,2000.9,69663.4,1
Elinor,68945,2001,69304.2,1
Elinor,69014.2,2001.1,68945,1
Elinor,69083.4,2001.2,69014.2,1
Elinor,69152.6,2001.3,69083.4,1
Elinor,69221.8,2001.4,69152.6,1
Elinor,69291,2001.5,69221.8,1
Elinor,69360.2,2001.6,69291,1
Elinor,69429.4,2001.7,69360.2,1
Elinor,69498.6,2001.8,69429.4,1
Elinor,69567.8,2001.9,69498.6,1
Elinor,69637,2002,69567.8,1
Elinor,69718.6,2002.1,69637,1
Elinor,69800.2,2002.2,69718.6,1
Elinor,69881.8,2002.3,69800.2,1
Elinor,69963.4,2002.4,69881.8,1
Elinor,70045,2002.5,69963.4,1
Elinor,70126.6,2002.6,70045,1
Elinor,70208.2,2002.7,70126.6,1
Elinor,70289.8,2002.8,70208.2,1
Elinor,70371.4,2002.9,70289.8,1
Elinor,70453,2003,70371.4,1
Elinor,70147.1,2003.1,70453,1
Elinor,69841.2,2003.2,70147.1,1
Elinor,69535.3,2003.3,69841.2,1
Elinor,69229.4,2003.4,69535.3,1
Elinor,68923.5,2003.5,69229.4,1
Elinor,68617.6,2003.6,68923.5,1
Elinor,68311.7,2003.7,68617.6,1
Elinor,68005.8,2003.8,68311.7,1
Elinor,67699.9,2003.9,68005.8,1
Elinor,67394,2004,67699.9,1
Elinor,67407.1,2004.1,67394,1
Elinor,67420.2,2004.2,67407.1,1
Elinor,67433.3,2004.3,67420.2,1
Elinor,67446.4,2004.4,67433.3,1
Elinor,67459.5,2004.5,67446.4,1
Elinor,67472.6,2004.6,67459.5,1
Elinor,67485.7,2004.7,67472.6,1
Elinor,67498.8,2004.8,67485.7,1
Elinor,67511.9,2004.9,67498.8,1
Elinor,67525,2005,67511.9,1
Elinor,67472.5,2005.1,67525,1
Elinor,67420,2005.2,67472.5,1
Elinor,67367.5,2005.3,67420,1
Elinor,67315,2005.4,67367.5,1
Elinor,67262.5,2005.5,67315,1
Elinor,67210,2005.6,67262.5,1
Elinor,67157.5,2005.7,67210,1
Elinor,67105,2005.8,67157.5,1
Elinor,67052.5,2005.9,67105,1
Elinor,67000,2006,67052.5,1
Elinor,66832.4,2006.1,67000,1
Elinor,66664.8,2006.2,66832.4,1
Elinor,66497.2,2006.3,66664.8,1
Elinor,66329.6,2006.4,66497.2,1
Elinor,66162,2006.5,66329.6,1
Elinor,65994.4,2006.6,66162,1
Elinor,65826.8,2006.7,65994.4,1
Elinor,65659.2,2006.8,65826.8,1
Elinor,65491.6,2006.9,65659.2,1
Elinor,65324,2007,65491.6,1
Elinor,65458.3,2007.1,65324,1
Elinor,65592.6,2007.2,65458.3,1
Elinor,65726.9,2007.3,65592.6,1
Elinor,65861.2,2007.4,65726.9,1
Elinor,65995.5,2007.5,65861.2,1
Elinor,66129.8,2007.6,65995.5,1
Elinor,66264.1,2007.7,66129.8,1
Elinor,66398.4,2007.8,66264.1,1
Elinor,66532.7,2007.9,66398.4,1
Elinor,66667,2008,66532.7,1
Elinor,66873.7,2008.1,66667,1
Elinor,67080.4,2008.2,66873.7,1
Elinor,67287.1,2008.3,67080.4,1
Elinor,67493.8,2008.4,67287.1,1
Elinor,67700.5,2008.5,67493.8,1
Elinor,67907.2,2008.6,67700.5,1
Elinor,68113.9,2008.7,67907.2,1
Elinor,68320.6,2008.8,68113.9,1
Elinor,68527.3,2008.9,68320.6,1
Elinor,68734,2009,68527.3,1
Elinor,68905.8,2009.1,68734,1
Elinor,69077.6,2009.2,68905.8,1
Elinor,69249.4,2009.3,69077.6,1
Elinor,69421.2,2009.4,69249.4,1
Elinor,69593,2009.5,69421.2,1
Elinor,69764.8,2009.6,69593,1
Elinor,69936.6,2009.7,69764.8,1
Elinor,70108.4,2009.8,69936.6,1
Elinor,70280.2,2009.9,70108.4,1
Elinor,70452,2010,70280.2,1
Elinor,70592.9,2010.1,70452,1
Elinor,70733.8,2010.2,70592.9,1
Elinor,70874.7,2010.3,70733.8,1
Elinor,71015.6,2010.4,70874.7,1
Elinor,71156.5,2010.5,71015.6,1
Elinor,71297.4,2010.6,71156.5,1
Elinor,71438.3,2010.7,71297.4,1
Elinor,71579.2,2010.8,71438.3,1
Elinor,71720.1,2010.9,71579.2,1
Elinor,71861,2011,71720.1,1
Elinor,72458.8,2011.1,71861,1
Elinor,73056.6,2011.2,72458.8,1
Elinor,73654.4,2011.3,73056.6,1
Elinor,74252.2,2011.4,73654.4,1
Elinor,74850,2011.5,74252.2,1
Elinor,75447.8,2011.6,74850,1
Elinor,76045.6,2011.7,75447.8,1
Elinor,76643.4,2011.8,76045.6,1
Elinor,77241.2,2011.9,76643.4,1
Elinor,77839,2012,77241.2,1
Elinor,77976.4,2012.1,77839,2
Elinor,78113.8,2012.2,77976.4,2
Elinor,78251.2,2012.3,78113.8,2
Elinor,78388.6,2012.4,78251.2,3
Elinor,78526,2012.5,78388.6,3
Elinor,78663.4,2012.6,78526,3
Elinor,78800.8,2012.7,78663.4,3
Elinor,78938.2,2012.8,78800.8,3
Elinor,79075.6,2012.9,78938.2,3
Elinor,79213,2013,79075.6,3
Elinor,79448,2013.1,79213,3
Elinor,79683,2013.2,79448,3
Elinor,79918,2013.3,79683,3
Elinor,80153,2013.4,79918,3
Elinor,80388,2013.5,80153,3
Elinor,80623,2013.6,80388,3
Elinor,80858,2013.7,80623,3
Elinor,81093,2013.8,80858,3
Elinor,81328,2013.9,81093,3
Elinor,81563,2014,81328,3
Elinor,81249,2014.1,81563,3
Elinor,80935,2014.2,81249,3
Elinor,80621,2014.3,80935,3
Elinor,80307,2014.4,80621,3
Elinor,79993,2014.5,80307,3
Elinor,79679,2014.6,79993,3
Elinor,79365,2014.7,79679,3
Elinor,79051,2014.8,79365,3
Elinor,78737,2014.9,79051,3
Elinor,78423,2015,78737,3
Elinor,77890.9,2015.1,78423,3
Elinor,77358.8,2015.2,77890.9,3
Elinor,76826.7,2015.3,77358.8,3
Elinor,76294.6,2015.4,76826.7,3
Elinor,75762.5,2015.5,76294.6,3
Elinor,75230.4,2015.6,75762.5,3
Elinor,74698.3,2015.7,75230.4,3
Elinor,74166.2,2015.8,74698.3,3
Elinor,73634.1,2015.9,74166.2,3
Elinor,73102,2016,73634.1,3
Elinor,72765.1,2016.1,73102,4
Elinor,72428.2,2016.2,72765.1,4
Elinor,72091.3,2016.3,72428.2,4
Elinor,71754.4,2016.4,72091.3,4
Elinor,71417.5,2016.5,71754.4,4
Elinor,71080.6,2016.6,71417.5,4
Elinor,70743.7,2016.7,71080.6,4
Elinor,70406.8,2016.8,70743.7,4
Elinor,70069.9,2016.9,70406.8,4
Elinor,69733,2017,70069.9,4
Elinor,69393.8,2017.1,69733,4
Elinor,69054.6,2017.2,69393.8,5
Elinor,68715.4,2017.3,69054.6,5
Elinor,68376.2,2017.4,68715.4,5
Elinor,68037,2017.5,68376.2,5
Elinor,67697.8,2017.6,68037,5
Elinor,67358.6,2017.7,67697.8,5
Elinor,67019.4,2017.8,67358.6,5
Elinor,66680.2,2017.9,67019.4,5
Elinor,66341,2018,66680.2,5
Andrew,53183,2000,53183,3
Andrew,53139.9,2000.1,53183,3
Andrew,53096.8,2000.2,53139.9,3
Andrew,53053.7,2000.3,53096.8,3
Andrew,53010.6,2000.4,53053.7,3
Andrew,52967.5,2000.5,53010.6,3
Andrew,52924.4,2000.6,52967.5,3
Andrew,52881.3,2000.7,52924.4,3
Andrew,52838.2,2000.8,52881.3,3
Andrew,52795.1,2000.9,52838.2,3
Andrew,52752,2001,52795.1,3
Andrew,52595.6,2001.1,52752,3
Andrew,52439.2,2001.2,52595.6,3
Andrew,52282.8,2001.3,52439.2,3
Andrew,52126.4,2001.4,52282.8,3
Andrew,51970,2001.5,52126.4,3
Andrew,51813.6,2001.6,51970,3
Andrew,51657.2,2001.7,51813.6,3
Andrew,51500.8,2001.8,51657.2,3
Andrew,51344.4,2001.9,51500.8,3
Andrew,51188,2002,51344.4,3
Andrew,51245.9,2002.1,51188,3
Andrew,51303.8,2002.2,51245.9,3
Andrew,51361.7,2002.3,51303.8,3
Andrew,51419.6,2002.4,51361.7,3
Andrew,51477.5,2002.5,51419.6,3
Andrew,51535.4,2002.6,51477.5,3
Andrew,51593.3,2002.7,51535.4,3
Andrew,51651.2,2002.8,51593.3,3
Andrew,51709.1,2002.9,51651.2,3
Andrew,51767,2003,51709.1,3
Andrew,51969.4,2003.1,51767,3
Andrew,52171.8,2003.2,51969.4,3
Andrew,52374.2,2003.3,52171.8,3
Andrew,52576.6,2003.4,52374.2,3
Andrew,52779,2003.5,52576.6,3
Andrew,52981.4,2003.6,52779,3
Andrew,53183.8,2003.7,52981.4,3
Andrew,53386.2,2003.8,53183.8,3
Andrew,53588.6,2003.9,53386.2,3
Andrew,53791,2004,53588.6,3
Andrew,53749.5,2004.1,53791,3
Andrew,53708,2004.2,53749.5,3
Andrew,53666.5,2004.3,53708,3
Andrew,53625,2004.4,53666.5,3
Andrew,53583.5,2004.5,53625,3
Andrew,53542,2004.6,53583.5,3
Andrew,53500.5,2004.7,53542,3
Andrew,53459,2004.8,53500.5,3
Andrew,53417.5,2004.9,53459,3
Andrew,53376,2005,53417.5,3
Andrew,53658.5,2005.1,53376,3
Andrew,53941,2005.2,53658.5,3
Andrew,54223.5,2005.3,53941,3
Andrew,54506,2005.4,54223.5,3
Andrew,54788.5,2005.5,54506,3
Andrew,55071,2005.6,54788.5,3
Andrew,55353.5,2005.7,55071,3
Andrew,55636,2005.8,55353.5,3
Andrew,55918.5,2005.9,55636,3
Andrew,56201,2006,55918.5,3
Andrew,56289.9,2006.1,56201,3
Andrew,56378.8,2006.2,56289.9,3
Andrew,56467.7,2006.3,56378.8,3
Andrew,56556.6,2006.4,56467.7,3
Andrew,56645.5,2006.5,56556.6,3
Andrew,56734.4,2006.6,56645.5,3
Andrew,56823.3,2006.7,56734.4,3
Andrew,56912.2,2006.8,56823.3,3
Andrew,57001.1,2006.9,56912.2,3
Andrew,57090,2007,57001.1,3
Andrew,57284.1,2007.1,57090,3
Andrew,57478.2,2007.2,57284.1,3
Andrew,57672.3,2007.3,57478.2,3
Andrew,57866.4,2007.4,57672.3,3
Andrew,58060.5,2007.5,57866.4,3
Andrew,58254.6,2007.6,58060.5,3
Andrew,58448.7,2007.7,58254.6,3
Andrew,58642.8,2007.8,58448.7,3
Andrew,58836.9,2007.9,58642.8,3
Andrew,59031,2008,58836.9,2
Andrew,59149,2008.1,59031,2
Andrew,59267,2008.2,59149,2
Andrew,59385,2008.3,59267,2
Andrew,59503,2008.4,59385,2
Andrew,59621,2008.5,59503,2
Andrew,59739,2008.6,59621,2
Andrew,59857,2008.7,59739,2
Andrew,59975,2008.8,59857,2
Andrew,60093,2008.9,59975,2
Andrew,60211,2009,60093,2
Andrew,60662.6,2009.1,60211,2
Andrew,61114.2,2009.2,60662.6,2
Andrew,61565.8,2009.3,61114.2,2
Andrew,62017.4,2009.4,61565.8,2
Andrew,62469,2009.5,62017.4,2
Andrew,62920.6,2009.6,62469,2
Andrew,63372.2,2009.7,62920.6,2
Andrew,63823.8,2009.8,63372.2,2
Andrew,64275.4,2009.9,63823.8,2
Andrew,64727,2010,64275.4,2
Andrew,65244.8,2010.1,64727,2
Andrew,65762.6,2010.2,65244.8,2
Andrew,66280.4,2010.3,65762.6,2
Andrew,66798.2,2010.4,66280.4,2
Andrew,67316,2010.5,66798.2,2
Andrew,67833.8,2010.6,67316,2
Andrew,68351.6,2010.7,67833.8,2
Andrew,68869.4,2010.8,68351.6,2
Andrew,69387.2,2010.9,68869.4,2
Andrew,69905,2011,69387.2,2
Andrew,70467.7,2011.1,69905,2
Andrew,71030.4,2011.2,70467.7,2
Andrew,71593.1,2011.3,71030.4,2
Andrew,72155.8,2011.4,71593.1,2
Andrew,72718.5,2011.5,72155.8,2
Andrew,73281.2,2011.6,72718.5,2
Andrew,73843.9,2011.7,73281.2,2
Andrew,74406.6,2011.8,73843.9,2
Andrew,74969.3,2011.9,74406.6,2
Andrew,75532,2012,74969.3,3
Andrew,75859.6,2012.1,75532,3
Andrew,76187.2,2012.2,75859.6,3
Andrew,76514.8,2012.3,76187.2,4
Andrew,76842.4,2012.4,76514.8,4
Andrew,77170,2012.5,76842.4,4
Andrew,77497.6,2012.6,77170,4
Andrew,77825.2,2012.7,77497.6,4
Andrew,78152.8,2012.8,77825.2,4
Andrew,78480.4,2012.9,78152.8,4
Andrew,78808,2013,78480.4,4
Andrew,78151.6,2013.1,78808,4
Andrew,77495.2,2013.2,78151.6,4
Andrew,76838.8,2013.3,77495.2,4
Andrew,76182.4,2013.4,76838.8,4
Andrew,75526,2013.5,76182.4,4
Andrew,74869.6,2013.6,75526,4
Andrew,74213.2,2013.7,74869.6,4
Andrew,73556.8,2013.8,74213.2,4
Andrew,72900.4,2013.9,73556.8,4
Andrew,72244,2014,72900.4,4
Andrew,71529.1,2014.1,72244,4
Andrew,70814.2,2014.2,71529.1,4
Andrew,70099.3,2014.3,70814.2,4
Andrew,69384.4,2014.4,70099.3,4
Andrew,68669.5,2014.5,69384.4,4
Andrew,67954.6,2014.6,68669.5,4
Andrew,67239.7,2014.7,67954.6,4
Andrew,66524.8,2014.8,67239.7,4
Andrew,65809.9,2014.9,66524.8,5
Andrew,65095,2015,65809.9,5
Andrew,63835.5,2015.1,65095,5
Andrew,62576,2015.2,63835.5,5
Andrew,61316.5,2015.3,62576,5
Andrew,60057,2015.4,61316.5,5
Andrew,58797.5,2015.5,60057,5
Andrew,57538,2015.6,58797.5,5
Andrew,56278.5,2015.7,57538,5
Andrew,55019,2015.8,56278.5,5
Andrew,53759.5,2015.9,55019,5
Andrew,52500,2016,53759.5,6
Andrew,51932.9,2016.1,52500,7
Andrew,51365.8,2016.2,51932.9,8
Andrew,50798.7,2016.3,51365.8,8
Andrew,50231.6,2016.4,50798.7,8
Andrew,49664.5,2016.5,50231.6,8
Andrew,49097.4,2016.6,49664.5,8
Andrew,48530.3,2016.7,49097.4,8
Andrew,47963.2,2016.8,48530.3,8
Andrew,47396.1,2016.9,47963.2,8
Andrew,46829,2017,47396.1,10
Andrew,46443.3,2017.1,46829,10
Andrew,46057.6,2017.2,46443.3,10
Andrew,45671.9,2017.3,46057.6,10
Andrew,45286.2,2017.4,45671.9,10
Andrew,44900.5,2017.5,45286.2,10
Andrew,44514.8,2017.6,44900.5,10
Andrew,44129.1,2017.7,44514.8,10
Andrew,43743.4,2017.8,44129.1,10
Andrew,43357.7,2017.9,43743.4,10
Andrew,42972,2018,43357.7,12
Robin,70196,2000,70196,2
Robin,69683.2,2000.1,70196,2
Robin,69170.4,2000.2,69683.2,2
Robin,68657.6,2000.3,69170.4,2
Robin,68144.8,2000.4,68657.6,2
Robin,67632,2000.5,68144.8,2
Robin,67119.2,2000.6,67632,2
Robin,66606.4,2000.7,67119.2,2
Robin,66093.6,2000.8,66606.4,2
Robin,65580.8,2000.9,66093.6,2
Robin,65068,2001,65580.8,2
Robin,64970.3,2001.1,65068,2
Robin,64872.6,2001.2,64970.3,2
Robin,64774.9,2001.3,64872.6,2
Robin,64677.2,2001.4,64774.9,2
Robin,64579.5,2001.5,64677.2,2
Robin,64481.8,2001.6,64579.5,2
Robin,64384.1,2001.7,64481.8,2
Robin,64286.4,2001.8,64384.1,2
Robin,64188.7,2001.9,64286.4,2
Robin,64091,2002,64188.7,2
Robin,64199.3,2002.1,64091,2
Robin,64307.6,2002.2,64199.3,2
Robin,64415.9,2002.3,64307.6,2
Robin,64524.2,2002.4,64415.9,2
Robin,64632.5,2002.5,64524.2,2
Robin,64740.8,2002.6,64632.5,2
Robin,64849.1,2002.7,64740.8,2
Robin,64957.4,2002.8,64849.1,2
Robin,65065.7,2002.9,64957.4,2
Robin,65174,2003,65065.7,2
Robin,64793.8,2003.1,65174,2
Robin,64413.6,2003.2,64793.8,2
Robin,64033.4,2003.3,64413.6,2
Robin,63653.2,2003.4,64033.4,2
Robin,63273,2003.5,63653.2,2
Robin,62892.8,2003.6,63273,2
Robin,62512.6,2003.7,62892.8,2
Robin,62132.4,2003.8,62512.6,2
Robin,61752.2,2003.9,62132.4,2
Robin,61372,2004,61752.2,2
Robin,61228.9,2004.1,61372,2
Robin,61085.8,2004.2,61228.9,2
Robin,60942.7,2004.3,61085.8,2
Robin,60799.6,2004.4,60942.7,2
Robin,60656.5,2004.5,60799.6,2
Robin,60513.4,2004.6,60656.5,2
Robin,60370.3,2004.7,60513.4,2
Robin,60227.2,2004.8,60370.3,2
Robin,60084.1,2004.9,60227.2,2
Robin,59941,2005,60084.1,2
Robin,59639.5,2005.1,59941,2
Robin,59338,2005.2,59639.5,2
Robin,59036.5,2005.3,59338,2
Robin,58735,2005.4,59036.5,2
Robin,58433.5,2005.5,58735,2
Robin,58132,2005.6,58433.5,2
Robin,57830.5,2005.7,58132,2
Robin,57529,2005.8,57830.5,2
Robin,57227.5,2005.9,57529,2
Robin,56926,2006,57227.5,2
Robin,57104.3,2006.1,56926,2
Robin,57282.6,2006.2,57104.3,2
Robin,57460.9,2006.3,57282.6,2
Robin,57639.2,2006.4,57460.9,2
Robin,57817.5,2006.5,57639.2,2
Robin,57995.8,2006.6,57817.5,2
Robin,58174.1,2006.7,57995.8,2
Robin,58352.4,2006.8,58174.1,2
Robin,58530.7,2006.9,58352.4,2
Robin,58709,2007,58530.7,2
Robin,58738.8,2007.1,58709,2
Robin,58768.6,2007.2,58738.8,2
Robin,58798.4,2007.3,58768.6,2
Robin,58828.2,2007.4,58798.4,2
Robin,58858,2007.5,58828.2,2
Robin,58887.8,2007.6,58858,2
Robin,58917.6,2007.7,58887.8,2
Robin,58947.4,2007.8,58917.6,2
Robin,58977.2,2007.9,58947.4,2
Robin,59007,2008,58977.2,3
Robin,58771,2008.1,59007,3
Robin,58535,2008.2,58771,3
Robin,58299,2008.3,58535,3
Robin,58063,2008.4,58299,3
Robin,57827,2008.5,58063,3
Robin,57591,2008.6,57827,3
Robin,57355,2008.7,57591,3
Robin,57119,2008.8,57355,3
Robin,56883,2008.9,57119,3
Robin,56647,2009,56883,3
Robin,57071.8,2009.1,56647,3
Robin,57496.6,2009.2,57071.8,3
Robin,57921.4,2009.3,57496.6,3
Robin,58346.2,2009.4,57921.4,3
Robin,58771,2009.5,58346.2,3
Robin,59195.8,2009.6,58771,3
Robin,59620.6,2009.7,59195.8,3
Robin,60045.4,2009.8,59620.6,3
Robin,60470.2,2009.9,60045.4,3
Robin,60895,2010,60470.2,3
Robin,60714.2,2010.1,60895,3
Robin,60533.4,2010.2,60714.2,3
Robin,60352.6,2010.3,60533.4,3
Robin,60171.8,2010.4,60352.6,3
Robin,59991,2010.5,60171.8,3
Robin,59810.2,2010.6,59991,3
Robin,59629.4,2010.7,59810.2,3
Robin,59448.6,2010.8,59629.4,3
Robin,59267.8,2010.9,59448.6,3
Robin,59087,2011,59267.8,3
Robin,58963.6,2011.1,59087,3
Robin,58840.2,2011.2,58963.6,3
Robin,58716.8,2011.3,58840.2,4
Robin,58593.4,2011.4,58716.8,4
Robin,58470,2011.5,58593.4,4
Robin,58346.6,2011.6,58470,5
Robin,58223.2,2011.7,58346.6,5
Robin,58099.8,2011.8,58223.2,5
Robin,57976.4,2011.9,58099.8,5
Robin,57853,2012,57976.4,5
Robin,58022.3,2012.1,57853,5
Robin,58191.6,2012.2,58022.3,5
Robin,58360.9,2012.3,58191.6,5
Robin,58530.2,2012.4,58360.9,5
Robin,58699.5,2012.5,58530.2,5
Robin,58868.8,2012.6,58699.5,5
Robin,59038.1,2012.7,58868.8,5
Robin,59207.4,2012.8,59038.1,5
Robin,59376.7,2012.9,59207.4,5
Robin,59546,2013,59376.7,5
Robin,59706.8,2013.1,59546,5
Robin,59867.6,2013.2,59706.8,5
Robin,60028.4,2013.3,59867.6,5
Robin,60189.2,2013.4,60028.4,5
Robin,60350,2013.5,60189.2,5
Robin,60510.8,2013.6,60350,5
Robin,60671.6,2013.7,60510.8,5
Robin,60832.4,2013.8,60671.6,5
Robin,60993.2,2013.9,60832.4,5
Robin,61154,2014,60993.2,5
Robin,61805.6,2014.1,61154,5
Robin,62457.2,2014.2,61805.6,5
Robin,63108.8,2014.3,62457.2,5
Robin,63760.4,2014.4,63108.8,5
Robin,64412,2014.5,63760.4,5
Robin,65063.6,2014.6,64412,5
Robin,65715.2,2014.7,65063.6,5
Robin,66366.8,2014.8,65715.2,5
Robin,67018.4,2014.9,66366.8,4
Robin,67670,2015,67018.4,4
Robin,68182.5,2015.1,67670,4
Robin,68695,2015.2,68182.5,4
Robin,69207.5,2015.3,68695,4
Robin,69720,2015.4,69207.5,4
Robin,70232.5,2015.5,69720,4
Robin,70745,2015.6,70232.5,4
Robin,71257.5,2015.7,70745,4
Robin,71770,2015.8,71257.5,4
Robin,72282.5,2015.9,71770,4
Robin,72795,2016,72282.5,4
Robin,73515.4,2016.1,72795,3
Robin,74235.8,2016.2,73515.4,3
Robin,74956.2,2016.3,74235.8,3
Robin,75676.6,2016.4,74956.2,3
Robin,76397,2016.5,75676.6,3
Robin,77117.4,2016.6,76397,3
Robin,77837.8,2016.7,77117.4,3
Robin,78558.2,2016.8,77837.8,3
Robin,79278.6,2016.9,78558.2,3
Robin,79999,2017,79278.6,3
Robin,81270.6,2017.1,79999,3
Robin,82542.2,2017.2,81270.6,3
Robin,83813.8,2017.3,82542.2,3
Robin,85085.4,2017.4,83813.8,3
Robin,86357,2017.5,85085.4,3
Robin,87628.6,2017.6,86357,3
Robin,88900.2,2017.7,87628.6,4
Robin,90171.8,2017.8,88900.2,4
Robin,91443.4,2017.9,90171.8,4
Robin,92715,2018,91443.4,4
